Time,IP1,Port1,IP2,Port2,Proto,1->2Bytes,2->1Bytes,1->2Pkts,2->1Pkts,packet_times,packet_sizes,packet_dirs
1603745102,192.168.1.74,53069,52.167.253.237,443,6,5813,8733,12,11,1603745102278;1603745102407;1603745102407;1603745102408;1603745102509;1603745102509;1603745102509;1603745102509;1603745102509;1603745102509;1603745102519;1603745102713;1603745102713;1603745102713;1603745102713;1603745102713;1603745102841;1603745102841;1603745102841;1603745102841;1603745102841;1603745102852;1603745102852;,52;52;40;259;1500;1500;1500;1500;126;40;205;91;1480;197;1480;356;40;40;1500;884;40;1480;184;,1;2;1;1;2;2;2;2;2;1;1;2;1;1;1;1;2;2;2;2;1;1;1;
1603745102,192.168.1.87,5353,224.0.0.251,5353,17,143,0,1,0,1603745102404;,143;,1;
1603745102,192.168.1.74,57987,162.254.195.87,27019,17,112,0,1,0,1603745102839;,112;,1;
1603745103,192.168.1.74,53069,52.167.253.237,443,6,40,392,1,2,1603745103021;1603745103021;1603745103077;,40;352;40;,2;2;1;
1603745103,192.168.1.87,0,224.0.0.22,0,2,40,0,1,0,1603745103326;,40;,1;
1603745103,192.168.1.87,5353,224.0.0.251,5353,17,190,0,1,0,1603745103326;,190;,1;
1603745106,192.168.1.87,0,224.0.0.22,0,2,40,0,1,0,1603745106091;,40;,1;
1603745106,192.168.1.74,51697,54.149.94.178,443,6,136,136,2,2,1603745106102;1603745106195;1603745106195;1603745106242;,96;40;96;40;,1;2;2;1;
1603745106,192.168.1.74,51696,3.232.144.130,443,6,153,171,2,2,1603745106196;1603745106262;1603745106262;1603745106303;,113;40;131;40;,1;2;2;1;
1603745106,192.168.1.74,51698,54.149.94.178,443,6,136,136,2,2,1603745106243;1603745106305;1603745106305;1603745106350;,96;40;96;40;,1;2;2;1;
1603745106,192.168.1.68,5353,224.0.0.251,5353,17,155,0,1,0,1603745106398;,155;,1;
1603745106,192.168.1.82,5353,224.0.0.251,5353,17,471,0,1,0,1603745106706;,471;,1;
1603745106,192.168.1.74,52940,140.82.114.25,443,6,41,0,1,0,1603745106968;,41;,1;
1603745107,192.168.1.74,52940,140.82.114.25,443,6,0,52,0,1,1603745107117;,52;,2;
1603745109,192.168.1.68,5353,224.0.0.251,5353,17,202,0,1,0,1603745109469;,202;,1;
1603745111,192.168.1.74,51696,3.232.144.130,443,6,40,40,1,1,1603745111110;1603745111110;,40;40;,2;1;
1603745111,192.168.1.74,57987,162.254.195.87,27019,17,112,0,1,0,1603745111856;,112;,1;
1603745116,192.168.1.74,51697,54.149.94.178,443,6,136,96,2,1,1603745116102;1603745116198;1603745116243;,96;96;40;,1;2;1;
1603745116,192.168.1.74,51696,3.232.144.130,443,6,153,131,2,1,1603745116196;1603745116261;1603745116304;,113;131;40;,1;2;1;
1603745116,192.168.1.74,51698,54.149.94.178,443,6,136,96,2,1,1603745116243;1603745116306;1603745116350;,96;96;40;,1;2;1;
1603745116,192.168.1.68,5353,224.0.0.251,5353,17,202,0,1,0,1603745116534;,202;,1;
1603745117,192.168.1.74,53070,18.211.21.156,443,6,819,5750,7,13,1603745117022;1603745117152;1603745117152;1603745117152;1603745117253;1603745117253;1603745117253;1603745117253;1603745117253;1603745117253;1603745117253;1603745117253;1603745117253;1603745117258;1603745117355;1603745117355;1603745117355;1603745117355;1603745117360;1603745117562;,52;52;40;167;40;140;1500;1500;1500;255;376;49;40;174;40;159;99;40;306;40;,1;2;1;1;2;2;2;2;2;2;2;2;1;1;2;2;2;1;1;2;
1603745119,192.168.1.74,51697,54.149.94.178,443,6,98,40,1,1,1603745119091;1603745119199;,98;40;,1;2;
1603745119,192.168.1.74,51698,54.149.94.178,443,6,98,40,1,1,1603745119093;1603745119199;,98;40;,1;2;
1603745120,192.168.1.74,57987,162.254.195.87,27019,17,112,0,1,0,1603745120869;,112;,1;
1603745121,192.168.1.74,57987,162.254.195.87,27019,17,0,64,0,1,1603745121261;,64;,2;
1603745121,192.168.1.74,52940,140.82.114.25,443,6,70,106,1,2,1603745121779;1603745121779;1603745121844;,66;70;40;,2;1;2;
1603745122,192.168.1.74,53070,18.211.21.156,443,6,0,157,0,3,1603745122376;1603745122376;1603745122376;,77;40;40;,2;2;2;
1603745125,192.168.1.67,5353,224.0.0.251,5353,17,105,0,1,0,1603745125752;,105;,1;
1603745126,192.168.1.74,51697,54.149.94.178,443,6,136,136,2,2,1603745126102;1603745126212;1603745126212;1603745126256;,96;40;96;40;,1;2;2;1;
1603745126,192.168.1.74,51696,3.232.144.130,443,6,153,131,2,1,1603745126209;1603745126368;1603745126412;,113;131;40;,1;2;1;
1603745126,192.168.1.74,51698,54.149.94.178,443,6,136,136,2,2,1603745126241;1603745126368;1603745126368;1603745126412;,96;40;96;40;,1;2;2;1;
1603745128,192.168.1.105,5353,224.0.0.251,5353,17,237,0,1,0,1603745128822;,237;,1;
1603745129,192.168.1.74,57987,162.254.195.87,27019,17,112,0,1,0,1603745129887;,112;,1;
1603745130,192.168.1.105,5353,224.0.0.251,5353,17,237,0,1,0,1603745130052;,237;,1;
1603745131,192.168.1.74,51696,3.232.144.130,443,6,40,40,1,1,1603745131587;1603745131587;,40;40;,2;1;
1603745132,192.168.1.74,63452,239.255.255.250,1900,17,202,0,1,0,1603745132495;,202;,1;
1603745132,192.168.1.105,60000,192.168.1.74,63452,17,390,0,1,0,1603745132919;,390;,1;
1603745132,192.168.1.74,63452,192.168.49.1,60000,17,0,390,0,1,1603745132919;,390;,2;
1603745133,192.168.1.74,63452,239.255.255.250,1900,17,202,0,1,0,1603745133497;,202;,1;
1603745134,192.168.1.105,60000,192.168.1.74,63452,17,390,0,1,0,1603745134115;,390;,1;
1603745134,192.168.1.74,63452,192.168.49.1,60000,17,0,390,0,1,1603745134115;,390;,2;
1603745134,192.168.1.74,63452,239.255.255.250,1900,17,202,0,1,0,1603745134506;,202;,1;
1603745135,192.168.1.74,63452,239.255.255.250,1900,17,202,0,1,0,1603745135521;,202;,1;
1603745135,192.168.1.105,60000,192.168.1.74,63452,17,390,0,1,0,1603745135560;,390;,1;
1603745135,192.168.1.74,63452,192.168.49.1,60000,17,0,390,0,1,1603745135560;,390;,2;
1603745136,192.168.1.74,51697,54.149.94.178,443,6,136,96,2,1,1603745136109;1603745136196;1603745136247;,96;96;40;,1;2;1;
1603745136,192.168.1.74,51696,3.232.144.130,443,6,153,131,2,1,1603745136201;1603745136300;1603745136340;,113;131;40;,1;2;1;
1603745136,192.168.1.74,51698,54.149.94.178,443,6,136,96,2,1,1603745136232;1603745136300;1603745136340;,96;96;40;,1;2;1;
1603745136,192.168.1.105,60000,192.168.1.74,63452,17,390,0,1,0,1603745136503;,390;,1;
1603745136,192.168.1.74,63452,192.168.49.1,60000,17,0,390,0,1,1603745136503;,390;,2;
1603745138,192.168.1.74,57987,162.254.195.87,27019,17,112,0,1,0,1603745138895;,112;,1;
1603745139,192.168.1.74,51697,54.149.94.178,443,6,98,40,1,1,1603745139104;1603745139268;,98;40;,1;2;
1603745139,192.168.1.74,51698,54.149.94.178,443,6,98,40,1,1,1603745139106;1603745139268;,98;40;,1;2;
1603745139,192.168.1.71,60904,239.255.255.250,1900,17,202,0,1,0,1603745139472;,202;,1;
1603745140,192.168.1.71,60904,239.255.255.250,1900,17,202,0,1,0,1603745140393;,202;,1;
1603745141,192.168.1.71,60904,239.255.255.250,1900,17,202,0,1,0,1603745141422;,202;,1;
1603745142,192.168.1.71,60904,239.255.255.250,1900,17,202,0,1,0,1603745142443;,202;,1;
1603745145,192.168.1.67,5353,224.0.0.251,5353,17,105,0,1,0,1603745145719;,105;,1;
1603745146,192.168.1.74,51697,54.149.94.178,443,6,136,136,2,2,1603745146101;1603745146212;1603745146212;1603745146255;,96;40;96;40;,1;2;2;1;
1603745146,192.168.1.74,51696,3.232.144.130,443,6,153,131,2,1,1603745146210;1603745146334;1603745146378;,113;131;40;,1;2;1;
1603745146,192.168.1.74,51698,54.149.94.178,443,6,136,136,2,2,1603745146240;1603745146334;1603745146334;1603745146378;,96;40;96;40;,1;2;2;1;
1603745147,192.168.1.74,51697,54.149.94.178,443,6,40,1109,1,1,1603745147356;1603745147401;,1109;40;,2;1;
1603745147,192.168.1.74,57987,162.254.195.87,27019,17,112,0,1,0,1603745147916;,112;,1;
1603745148,192.168.1.74,57987,162.254.195.87,27019,17,0,64,0,1,1603745148382;,64;,2;
1603745152,192.168.1.74,51696,3.232.144.130,443,6,40,40,1,1,1603745152169;1603745152169;,40;40;,2;1;
1603745154,192.168.1.73,5353,224.0.0.251,5353,17,73,0,1,0,1603745154629;,73;,1;
1603745154,192.168.1.105,5353,224.0.0.251,5353,17,200,0,1,0,1603745154935;,200;,1;
1603745156,192.168.1.74,51697,54.149.94.178,443,6,136,96,2,1,1603745156105;1603745156199;1603745156243;,96;96;40;,1;2;1;
1603745156,192.168.1.74,51696,3.232.144.130,443,6,153,131,2,1,1603745156197;1603745156263;1603745156304;,113;131;40;,1;2;1;
1603745156,192.168.1.74,51698,54.149.94.178,443,6,136,96,2,1,1603745156243;1603745156306;1603745156350;,96;96;40;,1;2;1;
1603745156,192.168.1.74,57987,162.254.195.87,27019,17,112,0,1,0,1603745156938;,112;,1;
1603745159,192.168.1.74,51697,54.149.94.178,443,6,98,40,1,1,1603745159126;1603745159237;,98;40;,1;2;
1603745159,192.168.1.74,51698,54.149.94.178,443,6,98,40,1,1,1603745159130;1603745159237;,98;40;,1;2;
1603745162,192.168.1.254,0,224.0.0.1,0,2,36,0,1,0,1603745162615;,36;,1;
1603745163,192.168.1.255,138,192.168.1.71,138,17,0,229,0,1,1603745163844;,229;,2;
1603745163,192.168.1.74,0,224.0.0.22,0,2,40,0,1,0,1603745163854;,40;,1;
1603745165,192.168.1.71,0,224.0.0.22,0,2,40,0,1,0,1603745165380;,40;,1;
1603745165,192.168.1.74,0,224.0.0.22,0,2,40,0,1,0,1603745165848;,40;,1;
1603745165,192.168.1.74,57987,162.254.195.87,27019,17,112,0,1,0,1603745165972;,112;,1;
1603745165,192.168.1.67,5353,224.0.0.251,5353,17,105,0,1,0,1603745165993;,105;,1;
1603745166,192.168.1.74,51697,54.149.94.178,443,6,136,136,2,2,1603745166096;1603745166198;1603745166198;1603745166239;,96;40;96;40;,1;2;2;1;
1603745166,192.168.1.74,51696,3.232.144.130,443,6,153,131,2,1,1603745166208;1603745166302;1603745166347;,113;131;40;,1;2;1;
1603745166,192.168.1.74,51698,54.149.94.178,443,6,136,136,2,2,1603745166239;1603745166302;1603745166302;1603745166347;,96;40;96;40;,1;2;2;1;
1603745166,192.168.1.74,52940,140.82.114.25,443,6,41,52,1,1,1603745166844;1603745166971;,41;52;,1;2;
1603745168,192.168.1.74,51697,54.149.94.178,443,6,40,720,1,1,1603745168246;1603745168299;,720;40;,2;1;
1603745171,192.168.1.67,0,224.0.0.22,0,2,48,0,1,0,1603745171524;,48;,1;
1603745171,192.168.1.71,0,224.0.0.22,0,2,40,0,1,0,1603745171524;,40;,1;
1603745171,192.168.1.74,0,224.0.0.22,0,2,40,0,1,0,1603745171860;,40;,1;
1603745172,192.168.1.74,51696,3.232.144.130,443,6,40,40,1,1,1603745172548;1603745172548;,40;40;,2;1;
1603745175,192.168.1.74,57987,162.254.195.87,27019,17,112,64,1,1,1603745175002;1603745175518;,112;64;,1;2;
1603745176,192.168.1.74,51697,54.149.94.178,443,6,136,96,2,1,1603745176095;1603745176132;1603745176187;,96;96;40;,1;2;1;
1603745176,192.168.1.74,51696,3.232.144.130,443,6,153,131,2,1,1603745176202;1603745176336;1603745176387;,113;131;40;,1;2;1;
1603745176,192.168.1.74,51698,54.149.94.178,443,6,136,96,2,1,1603745176232;1603745176336;1603745176387;,96;96;40;,1;2;1;
1603745177,192.168.1.105,5353,224.0.0.251,5353,17,237,0,1,0,1603745177975;,237;,1;
1603745179,192.168.1.74,51697,54.149.94.178,443,6,98,40,1,1,1603745179140;1603745179307;,98;40;,1;2;
1603745179,192.168.1.74,51698,54.149.94.178,443,6,98,40,1,1,1603745179143;1603745179307;,98;40;,1;2;
1603745179,192.168.1.105,5353,224.0.0.251,5353,17,237,0,1,0,1603745179204;,237;,1;
1603745181,192.168.1.74,52940,140.82.114.25,443,6,70,106,1,2,1603745181865;1603745181865;1603745181969;,66;70;40;,2;1;2;
1603745182,192.168.1.73,55761,239.255.255.250,1900,17,153,0,1,0,1603745182892;,153;,1;
1603745184,192.168.1.74,57987,162.254.195.87,27019,17,112,0,1,0,1603745184047;,112;,1;
1603745185,192.168.1.67,5353,224.0.0.251,5353,17,105,0,1,0,1603745185961;,105;,1;
1603745186,192.168.1.74,51697,54.149.94.178,443,6,136,136,2,2,1603745186103;1603745186166;1603745186166;1603745186211;,96;40;96;40;,1;2;2;1;
1603745186,192.168.1.74,51696,3.232.144.130,443,6,113,242,1,3,1603745186196;1603745186259;1603745186259;1603745186259;,113;131;71;40;,1;2;2;2;
1603745186,192.168.1.74,51698,54.149.94.178,443,6,284,284,4,4,1603745186241;1603745186551;1603745186554;1603745186554;1603745186593;1603745186597;1603745186679;1603745186679;,96;96;40;96;52;40;96;52;,1;1;2;2;2;1;2;1;
1603745188,192.168.1.74,51697,54.149.94.178,443,6,40,729,1,1,1603745188829;1603745188882;,729;40;,2;1;
1603745193,192.168.1.74,57987,162.254.195.87,27019,17,112,0,1,0,1603745193103;,112;,1;
1603745196,192.168.1.74,51697,54.149.94.178,443,6,136,96,2,1,1603745196097;1603745196134;1603745196189;,96;96;40;,1;2;1;
1603745196,192.168.1.74,51698,54.149.94.178,443,6,136,136,2,2,1603745196234;1603745196305;1603745196305;1603745196357;,96;40;96;40;,1;2;2;1;
1603745199,192.168.1.74,51697,54.149.94.178,443,6,98,40,1,1,1603745199166;1603745199275;,98;40;,1;2;
1603745199,192.168.1.74,51698,54.149.94.178,443,6,98,40,1,1,1603745199169;1603745199275;,98;40;,1;2;
1603745200,192.168.1.105,5353,224.0.0.251,5353,17,469,0,2,0,1603745200092;1603745200095;,91;378;,1;1;
1603745202,192.168.1.74,57987,162.254.195.87,27019,17,112,64,1,1,1603745202118;1603745202551;,112;64;,1;2;
1603745205,192.168.1.67,5353,224.0.0.251,5353,17,105,0,1,0,1603745205929;,105;,1;
1603745206,192.168.1.74,51697,54.149.94.178,443,6,136,136,2,2,1603745206108;1603745206143;1603745206143;1603745206185;,96;40;96;40;,1;2;2;1;
1603745206,192.168.1.74,51698,54.149.94.178,443,6,136,136,2,2,1603745206231;1603745206340;1603745206340;1603745206386;,96;40;96;40;,1;2;2;1;
1603745211,192.168.1.74,57987,162.254.195.87,27019,17,112,0,1,0,1603745211137;,112;,1;
1603745212,192.168.1.78,5353,224.0.0.251,5353,17,69,0,1,0,1603745212074;,69;,1;
1603745216,192.168.1.74,51697,54.149.94.178,443,6,136,96,2,1,1603745216102;1603745216169;1603745216210;,96;96;40;,1;2;1;
1603745216,192.168.1.74,51698,54.149.94.178,443,6,136,96,2,1,1603745216240;1603745216375;1603745216424;,96;96;40;,1;2;1;
1603745219,192.168.1.74,51697,54.149.94.178,443,6,98,40,1,1,1603745219179;1603745219344;,98;40;,1;2;
1603745219,192.168.1.74,51698,54.149.94.178,443,6,98,40,1,1,1603745219182;1603745219344;,98;40;,1;2;
1603745220,192.168.1.74,57987,162.254.195.87,27019,17,112,0,1,0,1603745220147;,112;,1;
1603745221,192.168.1.74,51698,54.149.94.178,443,6,40,1118,1,1,1603745221187;1603745221232;,1118;40;,2;1;
1603745221,192.168.1.73,5353,224.0.0.251,5353,17,89,0,1,0,1603745221904;,89;,1;
1603745222,192.168.1.73,5353,224.0.0.251,5353,17,166,0,2,0,1603745222213;1603745222826;,77;89;,1;1;
1603745223,192.168.1.73,5353,224.0.0.251,5353,17,77,0,1,0,1603745223132;,77;,1;
1603745225,192.168.1.67,5353,224.0.0.251,5353,17,105,0,1,0,1603745225897;,105;,1;
1603745226,192.168.1.74,51697,54.149.94.178,443,6,136,136,2,2,1603745226102;1603745226137;1603745226137;1603745226180;,96;40;96;40;,1;2;2;1;
1603745226,192.168.1.73,5353,224.0.0.251,5353,17,77,0,1,0,1603745226204;,77;,1;
1603745226,192.168.1.74,51698,54.149.94.178,443,6,136,136,2,2,1603745226243;1603745226409;1603745226409;1603745226460;,96;40;96;40;,1;2;2;1;
1603745226,192.168.1.74,52940,140.82.114.25,443,6,41,0,1,0,1603745226972;,41;,1;
1603745227,192.168.1.105,5353,224.0.0.251,5353,17,237,0,1,0,1603745227127;,237;,1;
1603745227,192.168.1.74,52940,140.82.114.25,443,6,0,52,0,1,1603745227127;,52;,2;
1603745227,192.168.1.74,53069,52.167.253.237,443,6,0,40,0,1,1603745227946;,40;,2;
1603745228,192.168.1.105,5353,224.0.0.251,5353,17,237,0,1,0,1603745228355;,237;,1;
1603745229,192.168.1.74,57987,162.254.195.87,27019,17,112,64,1,1,1603745229155;1603745229687;,112;64;,1;2;
1603745235,192.168.1.73,5353,224.0.0.251,5353,17,77,0,1,0,1603745235114;,77;,1;
1603745236,192.168.1.74,51697,54.149.94.178,443,6,136,96,2,1,1603745236103;1603745236232;1603745236278;,96;96;40;,1;2;1;
1603745236,192.168.1.74,51698,54.149.94.178,443,6,136,96,2,1,1603745236230;1603745236279;1603745236324;,96;96;40;,1;2;1;
1603745238,192.168.1.74,57987,162.254.195.87,27019,17,112,0,1,0,1603745238214;,112;,1;
1603745239,192.168.1.74,51697,54.149.94.178,443,6,98,40,1,1,1603745239184;1603745239313;,98;40;,1;2;
1603745239,192.168.1.74,51698,54.149.94.178,443,6,98,40,1,1,1603745239187;1603745239313;,98;40;,1;2;
1603745241,192.168.1.74,52940,140.82.114.25,443,6,70,66,1,1,1603745241974;1603745241974;,66;70;,2;1;
1603745242,192.168.1.74,52940,140.82.114.25,443,6,0,40,0,1,1603745242077;,40;,2;
1603745245,192.168.1.67,5353,224.0.0.251,5353,17,105,0,1,0,1603745245865;,105;,1;
1603745246,192.168.1.74,51697,54.149.94.178,443,6,136,136,2,2,1603745246109;1603745246172;1603745246172;1603745246217;,96;40;96;40;,1;2;2;1;
1603745246,192.168.1.74,51698,54.149.94.178,443,6,136,136,2,2,1603745246233;1603745246377;1603745246377;1603745246418;,96;40;96;40;,1;2;2;1;
1603745247,192.168.1.74,57987,162.254.195.87,27019,17,112,0,1,0,1603745247271;,112;,1;
1603745252,192.168.1.82,5353,224.0.0.251,5353,17,216,0,1,0,1603745252318;,216;,1;
1603745252,192.168.1.74,65023,239.255.255.250,1900,17,202,0,1,0,1603745252507;,202;,1;
1603745252,192.168.1.73,5353,224.0.0.251,5353,17,89,0,1,0,1603745252932;,89;,1;
1603745253,192.168.1.74,65023,239.255.255.250,1900,17,202,0,1,0,1603745253513;,202;,1;
1603745253,192.168.1.82,5353,224.0.0.251,5353,17,216,0,1,0,1603745253545;,216;,1;
1603745253,192.168.1.73,5353,224.0.0.251,5353,17,89,0,1,0,1603745253853;,89;,1;
1603745253,192.168.1.105,60000,192.168.1.74,65023,17,390,0,1,0,1603745253955;,390;,1;
1603745253,192.168.1.74,65023,192.168.49.1,60000,17,0,390,0,1,1603745253955;,390;,2;
1603745254,192.168.1.74,65023,239.255.255.250,1900,17,202,0,1,0,1603745254522;,202;,1;
1603745255,192.168.1.105,60000,192.168.1.74,65023,17,390,0,1,0,1603745255390;,390;,1;
1603745255,192.168.1.74,65023,192.168.49.1,60000,17,0,390,0,1,1603745255390;,390;,2;
1603745255,192.168.1.74,65023,239.255.255.250,1900,17,202,0,1,0,1603745255524;,202;,1;
1603745255,192.168.1.74,53076,138.91.140.216,443,6,329,52,3,1,1603745255795;1603745255900;1603745255900;1603745255902;,52;52;40;237;,1;2;1;1;
1603745256,192.168.1.74,53076,138.91.140.216,443,6,4462,7590,11,10,1603745256002;1603745256002;1603745256002;1603745256003;1603745256003;1603745256003;1603745256003;1603745256021;1603745256106;1603745256106;1603745256109;1603745256109;1603745256128;1603745256128;1603745256128;1603745256129;1603745256129;1603745256129;1603745256147;1603745256149;1603745256149;,1500;1500;40;1500;1500;443;40;133;91;40;589;1280;40;507;40;575;1480;205;40;469;40;,2;2;1;2;2;2;1;1;2;1;1;1;2;2;1;1;1;1;2;2;1;
1603745256,192.168.1.74,51697,54.149.94.178,443,6,136,96,2,1,1603745256108;1603745256144;1603745256185;,96;96;40;,1;2;1;
1603745256,192.168.1.74,53077,138.91.140.216,443,6,3647,8594,11,10,1603745256130;1603745256149;1603745256150;1603745256150;1603745256190;1603745256190;1603745256190;1603745256190;1603745256190;1603745256190;1603745256193;1603745256208;1603745256208;1603745256217;1603745256218;1603745256219;1603745256219;1603745256219;1603745256235;1603745256238;1603745256238;,52;52;40;269;1500;1500;1500;1500;443;40;133;1500;52;91;40;575;1480;926;40;468;40;,1;2;1;1;2;2;2;2;2;1;1;2;1;2;1;1;1;1;2;2;1;
1603745256,192.168.1.105,60000,192.168.1.74,65023,17,390,0,1,0,1603745256217;,390;,1;
1603745256,192.168.1.74,65023,192.168.49.1,60000,17,0,390,0,1,1603745256217;,390;,2;
1603745256,192.168.1.74,51698,54.149.94.178,443,6,136,136,2,2,1603745256232;1603745256325;1603745256336;1603745256387;,96;40;96;40;,1;2;2;1;
1603745256,192.168.1.74,57987,162.254.195.87,27019,17,112,64,1,1,1603745256323;1603745256712;,112;64;,1;2;
1603745256,0.0.0.0,68,255.255.255.255,67,17,328,0,1,0,1603745256720;,328;,1;
1603745257,192.168.1.68,5353,224.0.0.251,5353,17,155,0,1,0,1603745257333;,155;,1;
1603745257,192.168.1.68,0,224.0.0.2,0,2,32,0,1,0,1603745257640;,32;,1;
1603745257,192.168.1.68,0,224.0.0.251,0,2,32,0,1,0,1603745257641;,32;,1;
1603745258,192.168.1.68,5353,224.0.0.251,5353,17,202,0,1,0,1603745258255;,202;,1;
1603745259,192.168.1.74,51697,54.149.94.178,443,6,98,40,1,1,1603745259201;1603745259281;,98;40;,1;2;
1603745259,192.168.1.74,51698,54.149.94.178,443,6,98,40,1,1,1603745259205;1603745259281;,98;40;,1;2;
1603745259,192.168.1.82,5353,224.0.0.251,5353,17,216,0,1,0,1603745259486;,216;,1;
1603745259,192.168.1.71,55864,239.255.255.250,1900,17,202,0,1,0,1603745259588;,202;,1;
1603745260,192.168.1.71,55864,239.255.255.250,1900,17,202,0,1,0,1603745260362;,202;,1;
1603745260,192.168.1.74,53076,138.91.140.216,443,6,40,0,1,0,1603745260857;,40;,1;
1603745260,192.168.1.74,53077,138.91.140.216,443,6,40,0,1,0,1603745260857;,40;,1;
1603745261,192.168.1.68,5353,224.0.0.251,5353,17,202,0,1,0,1603745261330;,202;,1;
1603745261,192.168.1.71,55864,239.255.255.250,1900,17,202,0,1,0,1603745261432;,202;,1;
1603745262,192.168.1.71,55864,239.255.255.250,1900,17,202,0,1,0,1603745262402;,202;,1;
1603745265,192.168.1.74,57987,162.254.195.87,27019,17,112,0,1,0,1603745265341;,112;,1;
1603745265,192.168.1.67,5353,224.0.0.251,5353,17,105,0,1,0,1603745265937;,105;,1;
1603745266,192.168.1.74,51697,54.149.94.178,443,6,136,136,2,2,1603745266101;1603745266243;1603745266243;1603745266286;,96;40;96;40;,1;2;2;1;
1603745266,192.168.1.74,51698,54.149.94.178,443,6,136,136,2,2,1603745266242;1603745266288;1603745266288;1603745266332;,96;40;96;40;,1;2;2;1;
1603745267,192.168.1.74,51697,54.149.94.178,443,6,40,1112,1,1,1603745267369;1603745267417;,1112;40;,2;1;
1603745268,192.168.1.67,0,224.0.0.22,0,2,40,0,1,0,1603745268700;,40;,1;
1603745269,192.168.1.67,0,224.0.0.22,0,2,40,0,1,0,1603745269009;,40;,1;
1603745270,192.168.1.68,5353,224.0.0.251,5353,17,202,0,1,0,1603745270236;,202;,1;
1603745274,192.168.1.74,57987,162.254.195.87,27019,17,112,0,1,0,1603745274345;,112;,1;
1603745274,192.168.1.73,5353,224.0.0.251,5353,17,73,0,1,0,1603745274846;,73;,1;
1603745274,192.168.1.105,5353,224.0.0.251,5353,17,200,0,1,0,1603745274846;,200;,1;
1603745276,192.168.1.74,51697,54.149.94.178,443,6,136,96,2,1,1603745276097;1603745276177;1603745276221;,96;96;40;,1;2;1;
1603745276,192.168.1.74,51698,54.149.94.178,443,6,136,96,2,1,1603745276237;1603745276381;1603745276424;,96;96;40;,1;2;1;
1603745276,192.168.1.105,5353,224.0.0.251,5353,17,237,0,1,0,1603745276381;,237;,1;
1603745279,192.168.1.74,51697,54.149.94.178,443,6,98,40,1,1,1603745279216;1603745279366;,98;40;,1;2;
1603745279,192.168.1.74,51698,54.149.94.178,443,6,98,40,1,1,1603745279219;1603745279366;,98;40;,1;2;
1603745283,192.168.1.74,57987,162.254.195.87,27019,17,112,64,1,1,1603745283395;1603745283856;,112;64;,1;2;
1603745283,192.168.1.73,5353,224.0.0.251,5353,17,89,0,1,0,1603745283755;,89;,1;
1603745284,192.168.1.73,5353,224.0.0.251,5353,17,89,0,1,0,1603745284982;,89;,1;
1603745286,192.168.1.74,51697,54.149.94.178,443,6,136,136,2,2,1603745286098;1603745286211;1603745286211;1603745286254;,96;40;96;40;,1;2;2;1;
1603745286,192.168.1.74,51698,54.149.94.178,443,6,136,136,2,2,1603745286240;1603745286313;1603745286313;1603745286362;,96;40;96;40;,1;2;2;1;
1603745287,192.168.1.74,52940,140.82.114.25,443,6,41,52,1,1,1603745287090;1603745287235;,41;52;,1;2;
1603745288,192.168.1.254,0,224.0.0.1,0,2,36,0,1,0,1603745288669;,36;,1;
1603745291,192.168.1.74,0,224.0.0.22,0,2,40,0,1,0,1603745291862;,40;,1;
1603745292,192.168.1.74,57987,162.254.195.87,27019,17,112,0,1,0,1603745292453;,112;,1;
1603745292,192.168.1.71,0,224.0.0.22,0,2,40,0,1,0,1603745292971;,40;,1;
1603745295,192.168.1.74,0,224.0.0.22,0,2,40,0,1,0,1603745295355;,40;,1;
1603745296,192.168.1.74,51697,54.149.94.178,443,6,136,96,2,1,1603745296096;1603745296134;1603745296188;,96;96;40;,1;2;1;
1603745296,192.168.1.74,51698,54.149.94.178,443,6,136,96,2,1,1603745296234;1603745296274;1603745296327;,96;96;40;,1;2;1;
1603745297,192.168.1.74,57987,162.254.195.87,27019,17,64,144,1,1,1603745297476;1603745297789;,144;64;,2;1;
1603745297,192.168.1.71,0,224.0.0.22,0,2,80,0,2,0,1603745297578;1603745297885;,40;40;,1;1;
1603745297,192.168.1.74,0,224.0.0.22,0,2,40,0,1,0,1603745297850;,40;,1;
1603745299,192.168.1.74,51697,54.149.94.178,443,6,98,40,1,1,1603745299224;1603745299422;,98;40;,1;2;
1603745299,192.168.1.74,51698,54.149.94.178,443,6,98,40,1,1,1603745299227;1603745299422;,98;40;,1;2;
1603745301,192.168.1.74,57987,162.254.195.87,27019,17,112,0,1,0,1603745301458;,112;,1;
1603745301,192.168.1.74,52940,140.82.114.25,443,6,70,106,1,2,1603745301879;1603745301879;1603745301981;,66;70;40;,2;1;2;
1603745301,192.168.1.74,51697,54.149.94.178,443,6,40,922,1,1,1603745301879;1603745301920;,922;40;,2;1;
1603745302,192.168.1.73,55761,239.255.255.250,1900,17,153,0,1,0,1603745302803;,153;,1;
1603745306,192.168.1.74,51697,54.149.94.178,443,6,136,136,2,2,1603745306097;1603745306180;1603745306180;1603745306222;,96;40;96;40;,1;2;2;1;
1603745306,192.168.1.74,51698,54.149.94.178,443,6,136,136,2,2,1603745306237;1603745306384;1603745306384;1603745306438;,96;40;96;40;,1;2;2;1;
1603745306,192.168.1.73,5353,224.0.0.251,5353,17,89,0,1,0,1603745306486;,89;,1;
1603745307,192.168.1.73,5353,224.0.0.251,5353,17,89,0,1,0,1603745307408;,89;,1;
1603745310,192.168.1.74,57987,162.254.195.87,27019,17,112,64,1,1,1603745310475;1603745310890;,112;64;,1;2;
1603745310,192.168.1.73,5353,224.0.0.251,5353,17,89,0,1,0,1603745310479;,89;,1;
1603745312,192.168.1.105,60000,239.255.255.250,1900,17,8766,0,24,0,1603745312221;1603745312221;1603745312221;1603745312221;1603745312221;1603745312221;1603745312221;1603745312221;1603745312425;1603745312425;1603745312425;1603745312425;1603745312425;1603745312425;1603745312425;1603745312425;1603745312528;1603745312528;1603745312528;1603745312528;1603745312528;1603745312528;1603745312528;1603745312528;,340;349;386;388;339;348;385;387;340;349;386;388;339;348;385;387;340;349;386;388;339;348;385;387;,1;1;1;1;1;1;1;1;1;1;1;1;1;1;1;1;1;1;1;1;1;1;1;1;
1603745314,192.168.1.87,5353,224.0.0.251,5353,17,143,0,1,0,1603745314181;,143;,1;
1603745314,192.168.1.74,53064,52.202.152.30,443,6,111,0,2,0,1603745314884;1603745314884;,71;40;,1;1;
1603745314,192.168.1.74,53078,34.199.71.4,443,6,52,0,1,0,1603745314908;,52;,1;
1603745315,192.168.1.74,53078,34.199.71.4,443,6,2317,5928,7,9,1603745315087;1603745315087;1603745315096;1603745315190;1603745315190;1603745315190;1603745315190;1603745315190;1603745315190;1603745315193;1603745315293;1603745315296;1603745315296;1603745315397;1603745315397;1603745315447;,52;40;557;40;1500;1500;1500;955;40;166;91;687;787;40;250;40;,2;1;1;2;2;2;2;2;1;1;2;1;1;2;2;1;
1603745315,192.168.1.87,5353,224.0.0.251,5353,17,143,0,1,0,1603745315397;,143;,1;
1603745315,192.168.1.82,5353,224.0.0.251,5353,17,471,0,1,0,1603745315702;,471;,1;
1603745316,192.168.1.74,51697,54.149.94.178,443,6,136,96,2,1,1603745316103;1603745316142;1603745316197;,96;96;40;,1;2;1;
1603745316,192.168.1.74,51698,54.149.94.178,443,6,136,96,2,1,1603745316243;1603745316317;1603745316366;,96;96;40;,1;2;1;
1603745318,192.168.1.87,5353,224.0.0.251,5353,17,143,0,1,0,1603745318467;,143;,1;
1603745318,192.168.1.82,5353,224.0.0.251,5353,17,471,0,1,0,1603745318776;,471;,1;
1603745319,192.168.1.74,51697,54.149.94.178,443,6,98,40,1,1,1603745319241;1603745319390;,98;40;,1;2;
1603745319,192.168.1.74,51698,54.149.94.178,443,6,98,40,1,1,1603745319244;1603745319390;,98;40;,1;2;
1603745319,192.168.1.74,57987,162.254.195.87,27019,17,112,0,1,0,1603745319500;,112;,1;
1603745323,192.168.1.73,5353,224.0.0.251,5353,17,140,0,1,0,1603745323997;,140;,1;
1603745325,192.168.1.73,5353,224.0.0.251,5353,17,187,0,1,0,1603745325225;,187;,1;
1603745325,192.168.1.105,5353,224.0.0.251,5353,17,237,0,1,0,1603745325534;,237;,1;
1603745326,192.168.1.74,51697,54.149.94.178,443,6,136,136,2,2,1603745326098;1603745326238;1603745326238;1603745326283;,96;40;96;40;,1;2;2;1;
1603745326,192.168.1.74,51698,54.149.94.178,443,6,136,136,2,2,1603745326236;1603745326284;1603745326284;1603745326330;,96;40;96;40;,1;2;2;1;
1603745326,192.168.1.105,5353,224.0.0.251,5353,17,237,0,1,0,1603745326455;,237;,1;
1603745328,192.168.1.74,57987,162.254.195.87,27019,17,112,0,1,0,1603745328554;,112;,1;
1603745336,192.168.1.74,51697,54.149.94.178,443,6,136,136,2,2,1603745336097;1603745336183;1603745336183;1603745336235;,96;40;96;40;,1;2;2;1;
1603745336,192.168.1.74,51698,54.149.94.178,443,6,136,96,2,1,1603745336235;1603745336388;1603745336435;,96;96;40;,1;2;1;
1603745337,192.168.1.74,57987,162.254.195.87,27019,17,112,0,1,0,1603745337603;,112;,1;
1603745338,192.168.1.74,57987,162.254.195.87,27019,17,0,64,0,1,1603745338025;,64;,2;
1603745339,192.168.1.74,51697,54.149.94.178,443,6,98,40,1,1,1603745339249;1603745339366;,98;40;,1;2;
1603745339,192.168.1.74,51698,54.149.94.178,443,6,98,40,1,1,1603745339254;1603745339366;,98;40;,1;2;
1603745341,192.168.1.74,51698,54.149.94.178,443,6,40,1115,1,1,1603745341199;1603745341248;,1115;40;,2;1;
1603745345,192.168.1.73,5353,224.0.0.251,5353,17,140,0,1,0,1603745345807;,140;,1;
1603745346,192.168.1.74,51697,54.149.94.178,443,6,136,136,2,2,1603745346102;1603745346219;1603745346219;1603745346272;,96;40;96;40;,1;2;2;1;
1603745346,192.168.1.74,51698,54.149.94.178,443,6,136,136,2,2,1603745346242;1603745346284;1603745346284;1603745346334;,96;40;96;40;,1;2;2;1;
1603745346,192.168.1.74,57987,162.254.195.87,27019,17,112,0,1,0,1603745346642;,112;,1;
1603745346,192.168.1.74,52940,140.82.114.25,443,6,41,0,1,0,1603745346996;,41;,1;
1603745347,192.168.1.74,52940,140.82.114.25,443,6,0,52,0,1,1603745347243;,52;,2;
1603745349,192.168.1.68,5353,224.0.0.251,5353,17,155,0,1,0,1603745349187;,155;,1;
1603745349,192.168.1.73,5353,224.0.0.251,5353,17,187,0,1,0,1603745349803;,187;,1;
1603745350,192.168.1.68,0,224.0.0.2,0,2,32,0,1,0,1603745350109;,32;,1;
1603745350,192.168.1.68,0,224.0.0.251,0,2,32,0,1,0,1603745350109;,32;,1;
1603745350,192.168.1.68,5353,224.0.0.251,5353,17,202,0,1,0,1603745350110;,202;,1;
1603745353,192.168.1.68,5353,224.0.0.251,5353,17,202,0,1,0,1603745353182;,202;,1;
1603745355,192.168.1.74,57987,162.254.195.87,27019,17,112,0,1,0,1603745355682;,112;,1;
1603745356,192.168.1.74,51697,54.149.94.178,443,6,136,96,2,1,1603745356103;1603745356244;1603745356288;,96;96;40;,1;2;1;
1603745356,192.168.1.74,51698,54.149.94.178,443,6,136,96,2,1,1603745356242;1603745356290;1603745356333;,96;96;40;,1;2;1;
1603745358,192.168.1.73,5353,224.0.0.251,5353,17,98,0,1,0,1603745358711;,98;,1;
1603745359,192.168.1.74,51697,54.149.94.178,443,6,98,40,1,1,1603745359415;1603745359529;,98;40;,1;2;
1603745359,192.168.1.74,51698,54.149.94.178,443,6,98,40,1,1,1603745359417;1603745359529;,98;40;,1;2;
1603745361,192.168.1.74,52940,140.82.114.25,443,6,70,106,1,2,1603745361886;1603745361886;1603745361987;,66;70;40;,2;1;2;
1603745362,192.168.1.68,5353,224.0.0.251,5353,17,202,0,1,0,1603745362089;,202;,1;
1603745364,192.168.1.74,57987,162.254.195.87,27019,17,112,0,1,0,1603745364724;,112;,1;
1603745365,192.168.1.74,57987,162.254.195.87,27019,17,0,64,0,1,1603745365161;,64;,2;
1603745366,192.168.1.74,51697,54.149.94.178,443,6,136,136,2,2,1603745366108;1603745366186;1603745366186;1603745366232;,96;40;96;40;,1;2;2;1;
1603745366,192.168.1.74,51698,54.149.94.178,443,6,136,136,2,2,1603745366232;1603745366390;1603745366390;1603745366437;,96;40;96;40;,1;2;2;1;
1603745372,192.168.1.74,62060,239.255.255.250,1900,17,202,0,1,0,1603745372508;,202;,1;
1603745373,192.168.1.105,60000,192.168.1.74,62060,17,780,0,2,0,1603745373252;1603745373745;,390;390;,1;1;
1603745373,192.168.1.74,62060,192.168.49.1,60000,17,0,780,0,2,1603745373252;1603745373745;,390;390;,2;2;
1603745373,192.168.1.74,62060,239.255.255.250,1900,17,202,0,1,0,1603745373510;,202;,1;
1603745373,192.168.1.74,57987,162.254.195.87,27019,17,112,0,1,0,1603745373743;,112;,1;
1603745374,192.168.1.74,62060,239.255.255.250,1900,17,202,0,1,0,1603745374520;,202;,1;
1603745375,192.168.1.105,60000,192.168.1.74,62060,17,780,0,2,0,1603745375028;1603745375913;,390;390;,1;1;
1603745375,192.168.1.74,62060,192.168.49.1,60000,17,0,780,0,2,1603745375028;1603745375913;,390;390;,2;2;
1603745375,192.168.1.74,62060,239.255.255.250,1900,17,202,0,1,0,1603745375532;,202;,1;
1603745376,192.168.1.74,51697,54.149.94.178,443,6,136,96,2,1,1603745376106;1603745376148;1603745376198;,96;96;40;,1;2;1;
1603745376,192.168.1.74,51698,54.149.94.178,443,6,136,96,2,1,1603745376229;1603745376271;1603745376320;,96;96;40;,1;2;1;
1603745379,192.168.1.71,54303,239.255.255.250,1900,17,202,0,1,0,1603745379397;,202;,1;
1603745379,192.168.1.74,51697,54.149.94.178,443,6,98,40,1,1,1603745379423;1603745379601;,98;40;,1;2;
1603745379,192.168.1.74,51698,54.149.94.178,443,6,98,40,1,1,1603745379425;1603745379601;,98;40;,1;2;
1603745380,192.168.1.71,54303,239.255.255.250,1900,17,202,0,1,0,1603745380418;,202;,1;
1603745380,192.168.1.74,53078,34.199.71.4,443,6,40,111,1,2,1603745380418;1603745380418;1603745380418;,71;40;40;,2;2;1;
1603745381,192.168.1.71,54303,239.255.255.250,1900,17,202,0,1,0,1603745381444;,202;,1;
1603745382,192.168.1.71,54303,239.255.255.250,1900,17,202,0,1,0,1603745382468;,202;,1;
1603745382,192.168.1.74,57987,162.254.195.87,27019,17,112,0,1,0,1603745382784;,112;,1;
1603745383,192.168.1.74,53083,23.194.212.81,443,6,955,3352,7,6,1603745383152;1603745383190;1603745383190;1603745383204;1603745383270;1603745383270;1603745383270;1603745383270;1603745383647;1603745383799;1603745383829;1603745383907;1603745383953;,52;52;40;257;40;1500;1129;40;166;298;360;333;40;,1;2;1;1;2;2;2;1;1;2;1;2;1;
1603745383,192.168.1.74,53084,23.36.3.170,443,6,1191,620,7,5,1603745383165;1603745383206;1603745383206;1603745383268;1603745383388;1603745383388;1603745383437;1603745383647;1603745383648;1603745383799;1603745383799;1603745383843;,52;52;40;557;40;177;40;91;371;40;311;40;,1;2;1;1;2;2;1;1;1;2;2;1;
1603745383,192.168.1.74,53085,23.194.212.81,443,6,959,3352,7,6,1603745383165;1603745383206;1603745383206;1603745383268;1603745383388;1603745383388;1603745383388;1603745383388;1603745383648;1603745383799;1603745383829;1603745383907;1603745383953;,52;52;40;257;40;1500;1128;40;166;298;364;334;40;,1;2;1;1;2;2;2;1;1;2;1;2;1;
1603745386,192.168.1.74,51697,54.149.94.178,443,6,136,136,2,2,1603745386099;1603745386242;1603745386242;1603745386285;,96;40;96;40;,1;2;2;1;
1603745386,192.168.1.74,51698,54.149.94.178,443,6,136,136,2,2,1603745386240;1603745386288;1603745386288;1603745386332;,96;40;96;40;,1;2;2;1;
1603745386,192.168.1.74,53086,69.192.207.241,80,6,52,0,1,0,1603745386966;,52;,1;
1603745387,192.168.1.74,53086,69.192.207.241,80,6,373,4861,4,6,1603745387075;1603745387075;1603745387076;1603745387176;1603745387176;1603745387176;1603745387176;1603745387177;1603745387177;1603745387177;,52;40;253;40;1500;1500;40;1500;269;40;,2;1;1;2;2;2;1;2;2;1;
1603745387,192.168.1.74,51697,54.149.94.178,443,6,40,1114,1,1,1603745387480;1603745387532;,1114;40;,2;1;
1603745389,192.168.1.71,55558,239.255.255.250,1900,17,165,0,1,0,1603745389430;,165;,1;
1603745391,192.168.1.74,57987,162.254.195.87,27019,17,112,0,1,0,1603745391833;,112;,1;
1603745392,192.168.1.74,57987,162.254.195.87,27019,17,0,64,0,1,1603745392300;,64;,2;
1603745392,192.168.1.71,55558,239.255.255.250,1900,17,165,0,1,0,1603745392502;,165;,1;
1603745395,192.168.1.71,55558,239.255.255.250,1900,17,165,0,1,0,1603745395472;,165;,1;
1603745396,192.168.1.74,51697,54.149.94.178,443,6,136,96,2,1,1603745396096;1603745396189;1603745396234;,96;96;40;,1;2;1;
1603745396,192.168.1.74,51698,54.149.94.178,443,6,136,96,2,1,1603745396234;1603745396275;1603745396327;,96;96;40;,1;2;1;
1603745398,192.168.1.71,55558,239.255.255.250,1900,17,165,0,1,0,1603745398544;,165;,1;
1603745399,192.168.1.74,51697,54.149.94.178,443,6,98,40,1,1,1603745399433;1603745399567;,98;40;,1;2;
1603745399,192.168.1.74,51698,54.149.94.178,443,6,98,40,1,1,1603745399434;1603745399567;,98;40;,1;2;
1603745400,192.168.1.71,49731,239.255.255.250,3702,17,2040,0,3,0,1603745400474;1603745400474;1603745400797;,680;680;680;,1;1;1;
1603745400,192.168.1.74,57987,162.254.195.87,27019,17,112,0,1,0,1603745400893;,112;,1;
1603745401,192.168.1.71,49731,239.255.255.250,3702,17,680,0,1,0,1603745401518;,680;,1;
1603745401,192.168.1.71,55558,239.255.255.250,1900,17,165,0,1,0,1603745401518;,165;,1;
1603745402,192.168.1.71,49731,239.255.255.250,3702,17,680,0,1,0,1603745402335;,680;,1;
1603745404,192.168.1.71,49731,239.255.255.250,3702,17,680,0,1,0,1603745404278;,680;,1;
1603745404,192.168.1.71,55558,239.255.255.250,1900,17,165,0,1,0,1603745404689;,165;,1;
1603745406,192.168.1.74,51697,54.149.94.178,443,6,136,136,2,2,1603745406096;1603745406224;1603745406224;1603745406279;,96;40;96;40;,1;2;2;1;
1603745406,192.168.1.71,49731,239.255.255.250,3702,17,680,0,1,0,1603745406232;,680;,1;
1603745406,192.168.1.74,51698,54.149.94.178,443,6,136,136,2,2,1603745406234;1603745406281;1603745406281;1603745406324;,96;40;96;40;,1;2;2;1;
1603745406,192.168.1.74,52940,140.82.114.25,443,6,41,0,1,0,1603745406990;,41;,1;
1603745407,192.168.1.74,52940,140.82.114.25,443,6,0,52,0,1,1603745407146;,52;,2;
1603745407,192.168.1.255,137,192.168.1.71,137,17,0,78,0,1,1603745407657;,78;,2;
1603745407,192.168.1.71,5353,224.0.0.251,5353,17,122,0,2,0,1603745407657;1603745407665;,61;61;,1;1;
1603745407,192.168.1.71,61080,224.0.0.252,5355,17,55,0,1,0,1603745407665;,55;,1;
1603745407,192.168.1.71,63506,224.0.0.252,5355,17,55,0,1,0,1603745407665;,55;,1;
1603745407,192.168.1.105,5353,224.0.0.251,5353,17,91,0,1,0,1603745407966;,91;,1;
1603745408,192.168.1.255,137,192.168.1.71,137,17,0,78,0,1,1603745408579;,78;,2;
1603745408,192.168.1.71,5353,224.0.0.251,5353,17,122,0,2,0,1603745408885;1603745408886;,61;61;,1;1;
1603745408,192.168.1.105,5353,224.0.0.251,5353,17,91,0,1,0,1603745408888;,91;,1;
1603745409,192.168.1.255,137,192.168.1.71,137,17,0,78,0,1,1603745409194;,78;,2;
1603745409,192.168.1.74,57987,162.254.195.87,27019,17,112,0,1,0,1603745409896;,112;,1;
1603745411,192.168.1.254,53,192.168.1.74,57553,17,89,61,1,1,1603745411098;1603745411107;,61;89;,2;1;
1603745413,192.168.1.74,53084,23.36.3.170,443,6,80,111,2,2,1603745413860;1603745413900;1603745413900;1603745413900;,40;71;40;40;,1;2;2;1;
1603745413,192.168.1.74,57987,162.254.195.87,27019,17,0,240,0,1,1603745413884;,240;,2;
1603745413,192.168.1.74,53083,23.194.212.81,443,6,40,0,1,0,1603745413984;,40;,1;
1603745413,192.168.1.74,53085,23.194.212.81,443,6,40,0,1,0,1603745413984;,40;,1;
1603745414,192.168.1.74,53083,23.194.212.81,443,6,40,111,1,2,1603745414110;1603745414110;1603745414110;,71;40;40;,2;2;1;
1603745414,192.168.1.74,53085,23.194.212.81,443,6,40,111,1,2,1603745414110;1603745414110;1603745414110;,71;40;40;,2;2;1;
1603745414,192.168.1.74,57987,162.254.195.87,27019,17,64,0,1,0,1603745414171;,64;,1;
1603745414,192.168.1.254,0,224.0.0.1,0,2,36,0,1,0,1603745414723;,36;,1;
1603745415,192.168.1.71,0,224.0.0.22,0,2,40,0,1,0,1603745415030;,40;,1;
1603745415,192.168.1.254,53,192.168.1.74,57553,17,89,0,1,0,1603745415132;,89;,1;
1603745416,192.168.1.74,51697,54.149.94.178,443,6,136,96,2,1,1603745416097;1603745416239;1603745416283;,96;96;40;,1;2;1;
1603745416,192.168.1.74,51698,54.149.94.178,443,6,136,96,2,1,1603745416237;1603745416284;1603745416329;,96;96;40;,1;2;1;
1603745417,192.168.1.71,0,224.0.0.22,0,2,40,0,1,0,1603745417487;,40;,1;
1603745418,192.168.1.71,0,224.0.0.22,0,2,40,0,1,0,1603745418409;,40;,1;
1603745418,192.168.1.74,0,224.0.0.22,0,2,40,0,1,0,1603745418848;,40;,1;
1603745418,192.168.1.74,57987,162.254.195.87,27019,17,112,0,1,0,1603745418912;,112;,1;
1603745419,192.168.1.74,51697,54.149.94.178,443,6,98,40,1,1,1603745419432;1603745419538;,98;40;,1;2;
1603745419,192.168.1.74,57987,162.254.195.87,27019,17,0,64,0,1,1603745419432;,64;,2;
1603745419,192.168.1.74,51698,54.149.94.178,443,6,98,40,1,1,1603745419432;1603745419538;,98;40;,1;2;
1603745420,192.168.1.74,0,224.0.0.22,0,2,40,0,1,0,1603745420355;,40;,1;
1603745421,192.168.1.74,52940,140.82.114.25,443,6,70,106,1,2,1603745421894;1603745421894;1603745421994;,66;70;40;,2;1;2;
1603745422,192.168.1.74,0,224.0.0.22,0,2,40,0,1,0,1603745422857;,40;,1;
1603745423,192.168.1.105,5353,224.0.0.251,5353,17,237,0,1,0,1603745423633;,237;,1;
1603745424,192.168.1.105,5353,224.0.0.251,5353,17,237,0,1,0,1603745424861;,237;,1;
1603745426,192.168.1.74,51697,54.149.94.178,443,6,136,136,2,2,1603745426100;1603745426191;1603745426191;1603745426240;,96;40;96;40;,1;2;2;1;
1603745426,192.168.1.74,51698,54.149.94.178,443,6,136,136,2,2,1603745426240;1603745426282;1603745426282;1603745426332;,96;40;96;40;,1;2;2;1;
1603745427,192.168.1.74,57987,162.254.195.87,27019,17,112,0,1,0,1603745427914;,112;,1;
1603745436,192.168.1.74,51697,54.149.94.178,443,6,136,96,2,1,1603745436105;1603745436228;1603745436278;,96;96;40;,1;2;1;
1603745436,192.168.1.74,51698,54.149.94.178,443,6,136,96,2,1,1603745436229;1603745436280;1603745436326;,96;96;40;,1;2;1;
1603745436,192.168.1.74,57987,162.254.195.87,27019,17,112,0,1,0,1603745436937;,112;,1;
